{
  "n_seeds": 10,
  "seeds": [
    42,
    7,
    13,
    99,
    123,
    55,
    77,
    31,
    200,
    888
  ],
  "stats": {
    "neutralization_rate": {
      "mean": 0.9191304347826087,
      "std": 0.03300913547148227,
      "ci95": 0.02045927412985624,
      "bootstrap_ci95": [
        0.8999782608695652,
        0.9391304347826086
      ],
      "values": [
        0.9739130434782609,
        0.8956521739130435,
        0.9130434782608695,
        0.8782608695652174,
        0.8695652173913043,
        0.9043478260869565,
        0.9391304347826087,
        0.9391304347826087,
        0.9652173913043478,
        0.9130434782608695
      ]
    },
    "robustness_score": {
      "mean": 0.9670478954911232,
      "std": 0.007273589583167404,
      "ci95": 0.004508217530224408,
      "bootstrap_ci95": [
        0.9622527847625315,
        0.9713009272003547
      ],
      "values": [
        0.962982639670372,
        0.9677921235561371,
        0.96376608684659,
        0.9635375961661339,
        0.9712995458394289,
        0.9510648809373379,
        0.9784518368542194,
        0.9762405958026648,
        0.9677457399666309,
        0.9675979092717171
      ]
    },
    "coevo_gap": {
      "mean": 0.23887652307748794,
      "std": 0.02023652085417907,
      "ci95": 0.012542725572073591,
      "bootstrap_ci95": [
        0.22636860102415085,
        0.2510274027660489
      ],
      "values": [
        0.2600286900997162,
        0.2502932548522949,
        0.21347470581531525,
        0.23949994146823883,
        0.24309128522872925,
        0.21523943543434143,
        0.27005594968795776,
        0.2193639576435089,
        0.2605661153793335,
        0.21715189516544342
      ]
    },
    "mean_defense_reward": {
      "mean": 0.12664015144109725,
      "std": 0.01880754609048144,
      "ci95": 0.01165703783752525,
      "bootstrap_ci95": [
        0.11496044766157865,
        0.13750751044601203
      ],
      "values": [
        0.1417715698480606,
        0.1524171531200409,
        0.09538351744413376,
        0.1337786614894867,
        0.13782502710819244,
        0.11286259442567825,
        0.14147034287452698,
        0.10224590450525284,
        0.13973793387413025,
        0.10890880972146988
      ]
    },
    "mean_attack_success": {
      "mean": 0.055411208793520926,
      "std": 0.006791246156334331,
      "ci95": 0.0042092579769565635,
      "bootstrap_ci95": [
        0.05146349392831325,
        0.05954360042698681
      ],
      "values": [
        0.04895633086562157,
        0.06477238237857819,
        0.05047186464071274,
        0.05975974723696709,
        0.06300701946020126,
        0.06396912783384323,
        0.04540889710187912,
        0.052971694618463516,
        0.0483042374253273,
        0.056490786373615265
      ]
    },
    "mean_network_health": {
      "mean": 0.8382379114627838,
      "std": 0.014978232179672929,
      "ci95": 0.009283604486076586,
      "bootstrap_ci95": [
        0.8293223676085472,
        0.8474097667634487
      ],
      "values": [
        0.8360673785209656,
        0.8132424354553223,
        0.8428152799606323,
        0.8274050951004028,
        0.8413665890693665,
        0.8317298293113708,
        0.8699724674224854,
        0.8504486083984375,
        0.8456620573997498,
        0.8236693739891052
      ]
    },
    "total_proactive": {
      "mean": 28.6,
      "std": 11.18212859879549,
      "ci95": 6.93075511037578,
      "bootstrap_ci95": [
        22.097500000000004,
        35.6
      ],
      "values": [
        27,
        23,
        47,
        51,
        20,
        14,
        27,
        22,
        32,
        23
      ]
    },
    "eval_dr": {
      "mean": 0.47554345587447144,
      "std": 0.019338460324566365,
      "ci95": 0.011986101889020037,
      "bootstrap_ci95": [
        0.46317710481944024,
        0.4868782587891923
      ],
      "values": [
        0.4812770576086069,
        0.480019029815076,
        0.4812994806318653,
        0.45956309670451845,
        0.4352252087149235,
        0.48221812522362306,
        0.5005886724867381,
        0.48133540149839865,
        0.4538950863775122,
        0.5000133996834523
      ]
    },
    "eval_fpr": {
      "mean": 0.16287333333333331,
      "std": 0.013795730418422145,
      "ci95": 0.008550682301144816,
      "bootstrap_ci95": [
        0.15426599999999996,
        0.17106016666666662
      ],
      "values": [
        0.1451333333333333,
        0.15766666666666665,
        0.14659999999999995,
        0.18366666666666667,
        0.16626666666666667,
        0.16999999999999998,
        0.18626666666666664,
        0.16033333333333333,
        0.16546666666666665,
        0.1473333333333333
      ]
    },
    "eval_health": {
      "mean": 0.819423899019686,
      "std": 0.032173367763200476,
      "ci95": 0.01994125993747027,
      "bootstrap_ci95": [
        0.797864621293203,
        0.8396504316394274
      ],
      "values": [
        0.8266963311809779,
        0.7532178989216245,
        0.8742247813851611,
        0.8249539220816958,
        0.7961508432018038,
        0.8192867746887482,
        0.806943924218786,
        0.8607549660842453,
        0.8310442841140235,
        0.8009652643197936
      ]
    }
  },
  "ablation": {
    "CAESAR (full)": {
      "neutralization_rate": 0.8521739130434782,
      "robustness_score": 0.973518367856741,
      "coevo_gap": 0.22677753865718842,
      "mean_defense_reward": 0.12490594387054443,
      "mean_attack_success": 0.06510429829359055,
      "mean_network_health": 0.834879457950592,
      "total_proactive": 18,
      "eval_dr": 0.42496246701960927,
      "eval_fpr": 0.17973333333333333,
      "eval_health": 0.8276382727814613
    },
    "w/o TAG": {
      "neutralization_rate": 0.94,
      "robustness_score": 0.9740303698927164,
      "coevo_gap": 0.2267274409532547,
      "mean_defense_reward": 0.10983377695083618,
      "mean_attack_success": 0.05164473131299019,
      "mean_network_health": 0.8426920175552368,
      "total_proactive": 0,
      "eval_dr": 0,
      "eval_fpr": 0,
      "eval_health": 0
    },
    "w/o bypass reward": {
      "neutralization_rate": 0.98,
      "robustness_score": 0.9751704279333353,
      "coevo_gap": 0.26001837849617004,
      "mean_defense_reward": 0.13378280401229858,
      "mean_attack_success": 0.042272716760635376,
      "mean_network_health": 0.8425414562225342,
      "total_proactive": 48,
      "eval_dr": 0,
      "eval_fpr": 0,
      "eval_health": 0
    },
    "Random Defense": {
      "neutralization_rate": 1.0,
      "robustness_score": 0.95161247625947,
      "coevo_gap": 0.14806325733661652,
      "mean_defense_reward": 0.067578986287117,
      "mean_attack_success": 0.01487695425748825,
      "mean_network_health": 0.9536122679710388,
      "total_proactive": 0,
      "eval_dr": 0,
      "eval_fpr": 0,
      "eval_health": 0
    }
  },
  "significance": {
    "wilcoxon_W": 0.0,
    "wilcoxon_p": 0.001953125,
    "wilcoxon_significant": true,
    "ttest_t": 38.09222163464807,
    "ttest_p": 2.9400712771234336e-11,
    "ttest_significant": true,
    "cohen_d": 23.28453681973468,
    "bootstrap_diff_ci95": [
      0.597520652173913,
      0.643004347826087
    ]
  }
}